"celltype","n_cells","n_ctrl","n_stim","top_up","top_dn"
"CD14 Mono",4362,2215,2147,"NUPR1;TGM1;CCL8;CCNA1;CXCL11;HESX1;CXCL10;IFIT1;IFIT2;TNFSF10","CLEC5A;IL8;RPL6;RPL7;RPL15;PFN1;ACTB;OAZ1;FTH1;SDCBP"
"CD4 Naive T",2504,978,1526,"CCL8;CXCL10;IFIT3;RSAD2;IFIT1;IFIT2;LAMP3;OAS1;CMPK2;IFI6","H3F3B;HLA-E;HLA-C;B2M;HLA-B;HSPA8;CCR7;GIMAP5;GIMAP7;MYL12A"
"CD4 Memory T",1762,859,903,"CCL8;NEXN;CXCL10;IFIT1;IFIT3;IFI6;CMPK2;IFIT2;IFITM3;RSAD2","H3F3B;HLA-B;HLA-C;B2M;HLA-E;CLEC2D;PSME1;SOCS1;GIMAP7;DYNLT1"
"CD16 Mono",1044,507,537,"CH25H;IL27;CCL8;CXCL11;HESX1;KIAA0040;IFIT1;DEFB1;IDO1;TGM1","TYROBP;HLA-C;HLA-A;C3AR1;HLA-B;RPL28;HLA-E;GNG5;ANXA1;PSMB8"
"B",977,407,570,"CXCL11;CXCL10;TNFSF10;CMPK2;IFIT1;IFIT3;NEXN;IFITM3;HERC5;IFIT2","HLA-B;HLA-C;H3F3B;B2M;CLIC1;HLA-E;DNAJA1;TMSB10;CD48;PSMB8"
"CD8 T",813,352,461,"CXCL10;IFIT1;OAS1;IFI6;IFI44L;IFIT2;IFIT3;MX1;RSAD2;PLSCR1","HLA-B;B2M;TMSB10;MYL12A;PSMB9;DRAP1;PSME2;OASL;SP110;CD69"
"T activated",633,300,333,"CXCL10;IFIT1;RTP4;IFIT3;IFI6;IFI44L;IFIT2;PLSCR1;IFI35;CMPK2","B2M;HLA-E;IRF1;TAP1;PSMB9;GBP2;SP100;SAT1;DRAP1;UBE2L6"
"NK",619,298,321,"IFIT3;IFIT1;IFI6;RSAD2;CMPK2;IFIT2;ISG15;IFITM3;MX1;LGALS9","B2M;PSMB9;MYL12A;TMSB10;DRAP1;ANXA1;UBE2L6;NMI;OASL;BST2"
"DC",472,258,214,"CCL8;IFIT1;ANKRD22;CXCL10;TNFSF10;IFIT2;HES4;CXCL11;IFIT3;APOBEC3B","B2M;H3F3B;HLA-C;HLA-A;HLA-B;CST3;TMEM123;TMEM50A;SUB1;SERPINB1"
"B Activated",388,185,203,"IFIT3;IFIT1;CXCL10;XAF1;SAMD9L;TNFSF10;IFIT2;IFI6;MX1;ISG15","B2M;PSMB9;GBP2;SAT1;TAP1;BST2;UBE2L6;LAP3;WARS;GBP4"
"Mk",236,115,121,"IFIT2;RSAD2;IFIT1;IFIT3;ISG15;MX1;EPSTI1;IFI6;OASL;LY6E","OAS1;IRF7;ISG20;MT2A;IFI44L;LY6E;OASL;IFI6;EPSTI1;MX1"
"pDC",132,51,81,"TNFSF10;IFIT3;IFIT1;ISG15;OAS1;LY6E;IFI6;MX1;ISG20;IFI35","UBE2L6;IFI44L;IFI35;ISG20;MX1;IFI6;LY6E;OAS1;ISG15;IFIT1"
"Eryth",55,23,32,"IFIT1;ISG15;ISG20;IFI6;MX1;IFIT3;LY6E;IFIT2;HERC5;TNFSF10","IFIT1;ISG15;ISG20;IFI6;MX1;IFIT3;LY6E;IFIT2;HERC5;TNFSF10"
